-4.1618458358530956,1.832672982466244,0.0,1.0
-4.1511825639213313,1.8106053062380711,0.0,1.0
-4.1398868200020864,1.7885888233515645,0.0,1.0
-4.1279696457965054,1.7666255413887511,0.0,1.0
-4.1154420830057301,1.7447174679316539,0.0,1.0
-4.102315173330906,1.7228666105623027,0.0,1.0
-4.0885999584731767,1.7010749768627234,0.0,1.0
-4.0743074801336849,1.6793445744149391,0.0,1.0
-4.0594487800135743,1.6576774108009786,0.0,1.0
-4.0440348998139894,1.636075493602867,0.0,1.0
-4.028076881236073,1.6145408304026292,0.0,1.0
-4.0115857659809695,1.5930754287822957,0.0,1.0
-3.9945725957498226,1.5716812963238871,0.0,1.0
-3.9770484122437755,1.5503604406094311,0.0,1.0
-3.9590242571639722,1.5291148692209582,0.0,1.0
-3.940511172211556,1.5079465897404889,0.0,1.0
-3.9215201990876718,1.4868576097500537,0.0,1.0
-3.9020623794934615,1.465849936831674,0.0,1.0
-3.88214875513007,1.4449255785673785,0.0,1.0
-3.8617903676986405,1.4240865425391949,0.0,1.0
-3.8409982589003171,1.4033348363291474,0.0,1.0
-3.8197834704362434,1.3826724675192636,0.0,1.0
-3.7981570440075623,1.3621014436915644,0.0,1.0
-3.7761300213154185,1.3416237724280853,0.0,1.0
-3.7537134440609554,1.3212414613108425,0.0,1.0
-3.7309183539453166,1.3009565179218701,0.0,1.0
-3.7077557926696461,1.2807709498431894,0.0,1.0
-3.6842368019350871,1.2606867646568292,0.0,1.0
-3.6603724234427828,1.2407059699448126,0.0,1.0
-3.6361736988938778,1.2208305732891693,0.0,1.0
-3.6116516699895165,1.2010625822719234,0.0,1.0
-3.5868173784308408,1.1814040044751,0.0,1.0
-3.5616818659189953,1.1618568474807267,0.0,1.0
-3.5362561741551239,1.1424231188708323,0.0,1.0
-3.5105513448403696,1.1231048262274372,0.0,1.0
-3.4845784196758771,1.103903977132572,0.0,1.0
-3.4583484403627884,1.08482257916826,0.0,1.0
-3.4318724486022494,1.065862639916527,0.0,1.0
-3.4051614860954018,1.0470261669594043,0.0,1.0
-3.3782265945433911,1.0283151678789126,0.0,1.0
-3.3510788156473592,1.0097316502570806,0.0,1.0
-3.323729191108451,0.99127762167593314,0.0,1.0
-3.2961887626278088,0.97295508971749634,0.0,1.0
-3.2684685719065794,0.95476606196379787,0.0,1.0
-3.2405796606459027,0.93671254599686193,0.0,1.0
-3.2125330705469253,0.91879654939871802,0.0,1.0
-3.1843398433107892,0.90102007975138587,0.0,1.0
-3.1560110206386374,0.88338514463689854,0.0,1.0
-3.1275576442316155,0.86589375163727755,0.0,1.0
-3.0989907557908665,0.8485479083345524,0.0,1.0
-3.0989907557908678,0.84854790833455151,0.0,1.0
-3.0700627535331702,0.83127868774582225,0.0,1.0
-3.0405325603168847,0.81402034155973446,0.0,1.0
-3.0104210048055355,0.79677964536562751,0.0,1.0
-2.9797489156626411,0.77956337475283544,0.0,1.0
-2.9485371215517233,0.76237830531070383,0.0,1.0
-2.9168064511363028,0.74523121262856229,0.0,1.0
-2.8845777330799018,0.72812887229575551,0.0,1.0
-2.8518717960460398,0.71107805990161843,0.0,1.0
-2.8187094686982395,0.6940855510354913,0.0,1.0
-2.7851115797000219,0.67715812128670816,0.0,1.0
-2.7510989577149054,0.66030254624461282,0.0,1.0
-2.7166924314064138,0.64352560149853844,0.0,1.0
-2.6819128294380672,0.62683406263782881,0.0,1.0
-2.6467809804733866,0.61023470525181445,0.0,1.0
-2.611317713175894,0.59373430492984181,0.0,1.0
-2.5755438562091086,0.57733963726124227,0.0,1.0
-2.5394802382365524,0.56105747783535831,0.0,1.0
-2.5031476879217474,0.54489460224152575,0.0,1.0
-2.4665670339282135,0.52885778606908529,0.0,1.0
-2.4297591049194702,0.51295380490737186,0.0,1.0
-2.392744729559042,0.4971894343457266,0.0,1.0
-2.3555447365104492,0.48157144997348533,0.0,1.0
-2.3181799544372108,0.46610662737998787,0.0,1.0
-2.2806712120028481,0.45080174215456914,0.0,1.0
-2.2430393378708846,0.4356635698865734,0.0,1.0
-2.2053051607048397,0.42069888616533158,0.0,1.0
-2.1674895091682345,0.4059144665801897,0.0,1.0
-2.129613211924589,0.39131708672048005,0.0,1.0
-2.0916970976374261,0.37691352217554375,0.0,1.0
-2.0537619949702668,0.36271054853471441,0.0,1.0
-2.0158287325866304,0.34871494138733539,0.0,1.0
-1.9779181391500398,0.3349334763227434,0.0,1.0
-1.940051043324015,0.32137292893027647,0.0,1.0
-1.9022482737720763,0.30804007479927265,0.0,1.0
-1.8645306591577473,0.29494168951906952,0.0,1.0
-1.8269190281445464,0.28208454867900512,0.0,1.0
-1.7894342093959956,0.26947542786842016,0.0,1.0
-1.7520970315756168,0.25712110267664912,0.0,1.0
-1.7149283233469301,0.24502834869303314,0.0,1.0
-1.6779489133734566,0.2332039415069076,0.0,1.0
-1.6411796303187183,0.22165465670761542,0.0,1.0
-1.6046413028462361,0.21038726988448975,0.0,1.0
-1.5683547596195275,0.19940855662687085,0.0,1.0
-1.532340829302119,0.1887252925240972,0.0,1.0
-1.496620340557528,0.17834425316550551,0.0,1.0
-1.4612141220492774,0.16827221414043292,0.0,1.0
-1.4261430024408881,0.1585159510382228,0.0,1.0
-1.3914278103958786,0.14908223944820964,0.0,1.0
-1.3570893745777735,0.13997785495973147,0.0,1.0
-1.3570893745777717,0.13997785495973325,0.0,1.0
-1.3229970348563684,0.13110894311306964,0.0,1.0
-1.289004405042264,0.12238081295598713,0.0,1.0
-1.2551087247101691,0.1137989853390593,0.0,1.0
-1.2213072334348016,0.10536898111285931,0.0,1.0
-1.1875971707908732,0.097096321127954077,0.0,1.0
-1.1539757763530982,0.088986526234918983,0.0,1.0
-1.1204402896961927,0.081045117284324508,0.0,1.0
-1.0869879503948674,0.073277615126743356,0.0,1.0
-1.0536159980238393,0.065689540612747788,0.0,1.0
-1.020321672157821,0.058286414592909619,0.0,1.0
-0.98710221237152673,0.051073757917798446,0.0,1.0
-0.95395485823967086,0.044057091437990525,0.0,1.0
-0.92087684933696767,0.037241936004052789,0.0,1.0
-0.8878654252381315,0.03063381246655883,0.0,1.0
-0.85491782551787487,0.024238241676082239,0.0,1.0
-0.822031289750913,0.01806074448319217,0.0,1.0
-0.78920305751196018,0.012106841738462215,0.0,1.0
-0.75643036837572986,0.006382054292464634,0.0,1.0
-0.72371046191693722,0.00089190299576813459,0.0,1.0
-0.69104057771029481,-0.0043580913010501376,0.0,1.0
-0.65841795533051695,-0.0093624077474228073,0.0,1.0
-0.62583983435231971,-0.014115525492776726,0.0,1.0
-0.59330345435041476,-0.018611923686539189,0.0,1.0
-0.56080605489951552,-0.022846081478141045,0.0,1.0
-0.52834487557433985,-0.026812478017005148,0.0,1.0
-0.49591715594960029,-0.030505592452565899,0.0,1.0
-0.46352013560000849,-0.033919903934247486,0.0,1.0
-0.43115105410028054,-0.03704989161147676,0.0,1.0
-0.39880715102512898,-0.039890034633687232,0.0,1.0
-0.36648566594927168,-0.042434812150304424,0.0,1.0
-0.33418383844741939,-0.044678703310753853,0.0,1.0
-0.30189890809428732,-0.046616187264467257,0.0,1.0
-0.26962811446458801,-0.048241743160872375,0.0,1.0
-0.23736869713303754,-0.049549850149393837,0.0,1.0
-0.20511789567434846,-0.050534987379462493,0.0,1.0
-0.17287294966323685,-0.051191634000508301,0.0,1.0
-0.14063109867441348,-0.051514269161957227,0.0,1.0
-0.1083895822825971,-0.051497372013238785,0.0,1.0
-0.076145640062496689,-0.051135421703777606,0.0,1.0
-0.043896511588831011,-0.050422897383004983,0.0,1.0
-0.011639436436310824,-0.049354278200347323,0.0,1.0
0.020628345820349558,-0.047924043305236808,0.0,1.0
0.052909595606433157,-0.046126671847098066,0.0,1.0
0.085207073347230988,-0.043956642975356619,0.0,1.0
0.11752353946802518,-0.041408435839447311,0.0,1.0
0.14986175439409877,-0.038476529588794328,0.0,1.0
0.18222447855074453,-0.035155403372824523,0.0,1.0
0.2146144723632446,-0.031439536340970076,0.0,1.0
0.24703449625688556,-0.027323407642656061,0.0,1.0
0.24703449625688556,-0.027323407642654729,0.0,1.0
0.27959078478054877,-0.022662805969003941,0.0,1.0
0.31237719239396,-0.017332592040392392,0.0,1.0
0.34537790938865598,-0.011355853050114995,0.0,1.0
0.37857712605618588,-0.0047556761914746559,0.0,1.0
0.41195903268809353,0.0024448513422288265,0.0,1.0
0.44550781957592367,0.010222642357692546,0.0,1.0
0.47920767701122013,0.01855460966161937,0.0,1.0
0.51304279528552499,0.027417666060705503,0.0,1.0
0.54699736469038474,0.036788724361653813,0.0,1.0
0.58105557551734321,0.046644697371161392,0.0,1.0
0.61520161805794515,0.056962497895931108,0.0,1.0
0.64941968260373617,0.067719038742659166,0.0,1.0
0.68369395944625566,0.078891232718045767,0.0,1.0
0.71800863887705191,0.090455992628792004,0.0,1.0
0.75234791118766786,0.10239023128159497,0.0,1.0
0.78669596666964825,0.11467086148315531,0.0,1.0
0.82103699561453958,0.12727479604017455,0.0,1.0
0.85535518831388035,0.14017894775934847,0.0,1.0
0.88963473505922064,0.15336022944738126,0.0,1.0
0.92385982614209983,0.16679555391096867,0.0,1.0
0.95801465185406709,0.18046183395681226,0.0,1.0
0.99208340248666449,0.19433598239161132,0.0,1.0
1.0260502683314332,0.20839491202206251,0.0,1.0
1.0598994396799224,0.22261553565487047,0.0,1.0
1.0936151068236715,0.23697476609673096,0.0,1.0
1.1271814600542331,0.25144951615434508,0.0,1.0
1.1605826896631406,0.26601669863441124,0.0,1.0
1.1938029859419448,0.28065322634362966,0.0,1.0
1.2268265391821913,0.29533601208870275,0.0,1.0
1.2596375396754187,0.31004196867632627,0.0,1.0
1.2922201777131761,0.32474800891319866,0.0,1.0
1.3245586435870056,0.33943104560602277,0.0,1.0
1.356637127588451,0.35406799156149749,0.0,1.0
1.3884398200090597,0.36863575958632167,0.0,1.0
1.4199509111403703,0.38311126248719507,0.0,1.0
1.4511545912739354,0.3974714130708179,0.0,1.0
1.48203505070129,0.41169312414388948,0.0,1.0
1.5125764797139833,0.42575330851310866,0.0,1.0
1.5427630686035609,0.43962887898517522,0.0,1.0
1.5725790076615613,0.4532967483667889,0.0,1.0
1.6020084871795373,0.46673382946464992,0.0,1.0
1.6310356974490272,0.47991703508545536,0.0,1.0
1.659644828761575,0.49282327803590675,0.0,1.0
1.6878200714087264,0.50542947112270609,0.0,1.0
1.7155456156820268,0.51771252715254867,0.0,1.0
1.7428056518730202,0.52964935893213738,0.0,1.0
1.7695843702732486,0.54121687926816708,0.0,1.0
1.7958659611742576,0.55239200096734331,0.0,1.0
1.8216346148675928,0.56315163683636094,0.0,1.0
1.8216346148675928,0.56315163683636094,0.0,1.0
1.8469922161410768,0.57354263045583176,0.0,1.0
1.8720523606776922,0.58363742207719849,0.0,1.0
1.8968168051117082,0.59345131951340857,0.0,1.0
1.9212873060773994,0.6029996305774139,0.0,1.0
1.9454656202090383,0.61229766308216238,0.0,1.0
1.9693535041408996,0.6213607248406019,0.0,1.0
1.9929527145072523,0.6302041236656839,0.0,1.0
2.016265007942371,0.63884316737035629,0.0,1.0
2.03929214108053,0.64729316376756874,0.0,1.0
2.0620358705560022,0.65556942067027002,0.0,1.0
2.084497953003055,0.66368724589140893,0.0,1.0
2.1066801450559698,0.67166194724393513,0.0,1.0
2.1285842033490123,0.67950883254079919,0.0,1.0
2.1502118845164588,0.68724320959494811,0.0,1.0
2.1715649451925803,0.69488038621933335,0.0,1.0
2.1926451420116546,0.7024356702269019,0.0,1.0
2.2134542316079493,0.70992436943060433,0.0,1.0
2.2339939706157388,0.7173617916433912,0.0,1.0
2.2542661156692958,0.72476324467820685,0.0,1.0
2.274272423402893,0.73214403634800362,0.0,1.0
2.294014650450805,0.73951947446573474,0.0,1.0
2.3134945534473008,0.74690486684434187,0.0,1.0
2.3327138890266585,0.75431552129677915,0.0,1.0
2.3516744138231473,0.76176674563599445,0.0,1.0
2.3703778844710417,0.76927384767493567,0.0,1.0
2.3888260576046125,0.77685213522655427,0.0,1.0
2.4070206898581343,0.78451691610379903,0.0,1.0
2.424963537865878,0.79228349811961607,0.0,1.0
2.4426563582621199,0.80016718908695861,0.0,1.0
2.4601009076811309,0.80818329681877454,0.0,1.0
2.4772989427571837,0.81634712912801355,0.0,1.0
2.4942522201245527,0.82467399382762352,0.0,1.0
2.5109624964175072,0.83317919873055235,0.0,1.0
2.5274315282703235,0.84187805164975327,0.0,1.0
2.5436610723172723,0.85078586039817328,0.0,1.0
2.5596528851926283,0.85991793278876116,0.0,1.0
2.5754087235306642,0.86928957663446749,0.0,1.0
2.5909303439656508,0.87891609974824014,0.0,1.0
2.6062195031318627,0.8888128099430288,0.0,1.0
2.6212779576635743,0.89899501503178225,0.0,1.0
2.6361074641950548,0.90947802282745194,0.0,1.0
2.6507097793605787,0.9202771411429822,0.0,1.0
2.6650866597944187,0.93140767779132894,0.0,1.0
2.6792398621308458,0.94288494058543382,0.0,1.0
2.6931711430041396,0.95472423733825185,0.0,1.0
2.7068822590485659,0.96694087586273003,0.0,1.0
2.720374966898401,0.97955016397181804,0.0,1.0
2.7336510231879139,0.99256740947846556,0.0,1.0
2.7467121845513844,1.0060079201956214,0.0,1.0
2.7467121845513827,1.0060079201956214,0.0,1.0
2.7595977661368156,1.0198839089139424,0.0,1.0
2.772341562241655,1.0341870107083242,0.0,1.0
2.7849370482243145,1.0489016668180602,0.0,1.0
2.7973776994432065,1.0640123184824493,0.0,1.0
2.8096569912567499,1.0795034069407894,0.0,1.0
2.8217683990233589,1.0953593734323777,0.0,1.0
2.8337053981014506,1.1115646591965103,0.0,1.0
2.8454614638494338,1.1281037054724878,0.0,1.0
2.8570300716257311,1.1449609534996057,0.0,1.0
2.8684046967887529,1.1621208445171618,0.0,1.0
2.879578814696913,1.179567819764455,0.0,1.0
2.8905459007086307,1.1972863204807798,0.0,1.0
2.9012994301823198,1.2152607879054376,0.0,1.0
2.9118328784763925,1.2334756632777228,0.0,1.0
2.9221397209492697,1.2519153878369336,0.0,1.0
2.9322134329593617,1.2705644028223686,0.0,1.0
2.9420474898650859,1.2894071494733259,0.0,1.0
2.9516353670248545,1.3084280690290999,0.0,1.0
2.9609705397970867,1.3276116027289886,0.0,1.0
2.9700464835401927,1.3469421918122917,0.0,1.0
2.9788566736125937,1.3664042775183081,0.0,1.0
2.9873945853726998,1.385982301086333,0.0,1.0
2.9956536941789267,1.4056607037556645,0.0,1.0
3.0036274753896919,1.4254239267655979,0.0,1.0
3.0113094043634092,1.4452564113554338,0.0,1.0
3.0186929564584943,1.4651425987644693,0.0,1.0
3.0257716070333593,1.4850669302320005,0.0,1.0
3.0325388314464234,1.5050138469973238,0.0,1.0
3.0389881050561005,1.5249677902997405,0.0,1.0
3.0451129032208044,1.5449132013785452,0.0,1.0
3.0509067012989508,1.5648345214730357,0.0,1.0
3.0563629746489553,1.5847161918225119,0.0,1.0
3.0614751986292301,1.604542653666269,0.0,1.0
3.0662368485981961,1.6242983482436051,0.0,1.0
3.0706413999142637,1.6439677167938189,0.0,1.0
3.0746823279358502,1.6635352005562059,0.0,1.0
3.0783531080213695,1.6829852407700647,0.0,1.0
3.0816472155292338,1.7023022786746926,0.0,1.0
3.084558125817864,1.7214707555093867,0.0,1.0
3.0870793142456741,1.7404751125134466,0.0,1.0
3.089204256171076,1.7592997909261676,0.0,1.0
3.0909264269524872,1.7779292319868469,0.0,1.0
3.0922393019483216,1.7963478769347851,0.0,1.0
3.0931363565169967,1.8145401670092749,0.0,1.0
3.0936110660169245,1.8324905434496177,0.0,1.0
3.0936569058065206,1.8501834474951107,0.0,1.0
3.0932673512442008,1.8676033203850508,0.0,1.0
3.0924358776883807,1.8847346033587344,0.0,1.0
3.0911559604974741,1.9015617376554603,0.0,1.0
3.0911559604974759,1.9015617376554621,0.0,1.0
3.0894232499104284,1.9183152606112301,0.0,1.0
3.0872420956882927,1.9352263787560489,0.0,1.0
3.0846190224726584,1.9522805371202292,0.0,1.0
3.0815605549051064,1.9694631807340821,0.0,1.0
3.0780732176272263,1.9867597546279177,0.0,1.0
3.0741635352805989,2.0041557038320459,0.0,1.0
3.0698380325068104,2.0216364733767778,0.0,1.0
3.0651032339474433,2.0391875082924251,0.0,1.0
3.0599656642440873,2.0567942536092954,0.0,1.0
3.0544318480383232,2.0744421543577021,0.0,1.0
3.0485083099717407,2.0921166555679553,0.0,1.0
3.0422015746859188,2.1098032022703652,0.0,1.0
3.0355181668224454,2.1274872394952435,0.0,1.0
3.0284646110229065,2.1451542122728977,0.0,1.0
3.0210474319288831,2.1627895656336422,0.0,1.0
3.0132731541819648,2.1803787446077845,0.0,1.0
3.0051483024237342,2.1979071942256381,0.0,1.0
2.9966794012957756,2.2153603595175095,0.0,1.0
2.9878729754396751,2.2327236855137134,0.0,1.0
2.9787355494970171,2.2499826172445587,0.0,1.0
2.969273648109386,2.2671225997403557,0.0,1.0
2.9594937959183696,2.2841290780314161,0.0,1.0
2.9494025175655487,2.30098749714805,0.0,1.0
2.9390063376925077,2.3176833021205674,0.0,1.0
2.9283117809408399,2.3342019379792776,0.0,1.0
2.9173253719521206,2.3505288497544941,0.0,1.0
2.906053635367936,2.3666494824765261,0.0,1.0
2.8945030958298759,2.3825492811756845,0.0,1.0
2.8826802779795226,2.3982136908822804,0.0,1.0
2.8705917064584607,2.4136281566266229,0.0,1.0
2.8582439059082763,2.4287781234390238,0.0,1.0
2.8456434009705518,2.4436490363497931,0.0,1.0
2.8327967162868735,2.4582263403892419,0.0,1.0
2.8197103764988274,2.4724954805876793,0.0,1.0
2.8063909062479997,2.486441901975418,0.0,1.0
2.7928448301759694,2.5000510495827681,0.0,1.0
2.7790786729243262,2.5133083684400397,0.0,1.0
2.7650989591346526,2.5261993035775419,0.0,1.0
2.7509122134485384,2.5387093000255874,0.0,1.0
2.7365249605075626,2.5508238028144881,0.0,1.0
2.7219437249533112,2.5625282569745504,0.0,1.0
2.7071750314273721,2.573808107536089,0.0,1.0
2.6922254045713281,2.5846487995294112,0.0,1.0
2.6771013690267651,2.5950357779848297,0.0,1.0
2.6618094494352693,2.6049544879326545,0.0,1.0
2.6463561704384198,2.6143903744031967,0.0,1.0
2.6307480566778061,2.6233288824267653,0.0,1.0
2.6149916327950127,2.6317554570336732,0.0,1.0
2.5990934234316256,2.6396555432542286,0.0,1.0
2.5990934234316292,2.6396555432542304,0.0,1.0
2.5828610353101435,2.6470294756854393,0.0,1.0
2.5661097708841538,2.6538961590580472,0.0,1.0
2.5488576983918989,2.6602688936029786,0.0,1.0
2.5311228860716088,2.6661609795511527,0.0,1.0
2.5129234021615261,2.671585717133496,0.0,1.0
2.4942773148998771,2.6765564065809322,0.0,1.0
2.4752026925249044,2.6810863481243805,0.0,1.0
2.4557176032748416,2.6851888419947683,0.0,1.0
2.4358401153879203,2.6888771884230156,0.0,1.0
2.4155882971023761,2.6921646876400462,0.0,1.0
2.3949802166564478,2.6950646398767848,0.0,1.0
2.3740339422883672,2.6975903453641514,0.0,1.0
2.3527675422363732,2.6997551043330725,0.0,1.0
2.3311990847386959,2.7015722170144691,0.0,1.0
2.3093466380335759,2.703054983639265,0.0,1.0
2.2872282703592415,2.7042167044383829,0.0,1.0
2.2648620499539351,2.7050706796427448,0.0,1.0
2.2422660450558869,2.7056302094832771,0.0,1.0
2.2194583239033339,2.7059085941909,0.0,1.0
2.1964569547345096,2.7059191339965363,0.0,1.0
2.1732800057876531,2.7056751291311114,0.0,1.0
2.1499455453009944,2.7051898798255465,0.0,1.0
2.1264716415127722,2.7044766863107661,0.0,1.0
2.1028763626612204,2.7035488488176922,0.0,1.0
2.0791777769845741,2.7024196675772467,0.0,1.0
2.0553939527210687,2.7011024428203561,0.0,1.0
2.0315429581089397,2.6996104747779404,0.0,1.0
2.0076428613864188,2.6979570636809243,0.0,1.0
1.9837117307917485,2.6961555097602306,0.0,1.0
1.9597676345631569,2.6942191132467812,0.0,1.0
1.9358286409388814,2.6921611743715008,0.0,1.0
1.9119128181571607,2.6899949933653122,0.0,1.0
1.8880382344562232,2.6877338704591374,0.0,1.0
1.8642229580743077,2.6853911058839008,0.0,1.0
1.8404850572496496,2.6829799998705237,0.0,1.0
1.8168426002204843,2.6805138526499306,0.0,1.0
1.793313655225047,2.6780059644530461,0.0,1.0
1.7699162905015715,2.6754696355107894,0.0,1.0
1.746668574288293,2.6729181660540862,0.0,1.0
1.723588574823447,2.67036485631386,0.0,1.0
1.7006943603452669,2.667823006521032,0.0,1.0
1.6780039990919899,2.6653059169065259,0.0,1.0
1.6555355593018515,2.6628268877012653,0.0,1.0
1.6333071092130869,2.6603992191361741,0.0,1.0
1.6113367170639314,2.6580362114421732,0.0,1.0
1.589642451092617,2.6557511648501873,0.0,1.0
1.5682423795373825,2.6535573795911391,0.0,1.0
1.5471545706364598,2.6514681558959516,0.0,1.0
1.5263970926280894,2.6494967939955476,0.0,1.0
1.5263970926280859,2.6494967939955476,0.0,1.0
1.5058956649772952,2.647401212957277,0.0,1.0
1.4855591100004002,2.6449425105200319,0.0,1.0
1.465380150212555,2.6421387549220459,0.0,1.0
1.4453515081289172,2.6390080144015542,0.0,1.0
1.4254659062646411,2.6355683571967923,0.0,1.0
1.405716067134879,2.6318378515459964,0.0,1.0
1.3860947132547921,2.6278345656874009,0.0,1.0
1.3665945671395328,2.6235765678592413,0.0,1.0
1.3472083513042534,2.6190819262997502,0.0,1.0
1.3279287882641118,2.6143687092471666,0.0,1.0
1.3087486005342672,2.6094549849397222,0.0,1.0
1.2896605106298669,2.604358821615655,0.0,1.0
1.2706572410660719,2.5990982875131978,0.0,1.0
1.2517315143580365,2.5936914508705877,0.0,1.0
1.2328760530209149,2.5881563799260583,0.0,1.0
1.2140835795698628,2.5825111429178449,0.0,1.0
1.195346816520038,2.5767738080841838,0.0,1.0
1.1766584863865894,2.5709624436633085,0.0,1.0
1.1580113116846782,2.5650951178934553,0.0,1.0
1.1393980149294602,2.5591898990128596,0.0,1.0
1.1208113186360862,2.553264855259755,0.0,1.0
1.1022439453197137,2.5473380548723776,0.0,1.0
1.0836886174954987,2.5414275660889629,0.0,1.0
1.0651380576785954,2.5355514571477462,0.0,1.0
1.0465849883841578,2.5297277962869602,0.0,1.0
1.0280221321273437,2.5239746517448429,0.0,1.0
1.0094422114233081,2.5183100917596288,0.0,1.0
0.9908379487872061,2.5127521845695533,0.0,1.0
0.97220206673419352,2.507318998412849,0.0,1.0
0.95352728777942275,2.502028601527754,0.0,1.0
0.93480633443805061,2.4968990621525018,0.0,1.0
0.91603192922523391,2.4919484485253278,0.0,1.0
0.89719679465612767,2.4871948288844665,0.0,1.0
0.87829365324588604,2.4826562714681559,0.0,1.0
0.85931522750966494,2.4783508445146278,0.0,1.0
0.84025423996261939,2.4742966162621194,0.0,1.0
0.82110341311990354,2.470511654948865,0.0,1.0
0.80185546949667508,2.4670140288130993,0.0,1.0
0.78250313160808815,2.4638218060930575,0.0,1.0
0.7630391219692978,2.4609530550269758,0.0,1.0
0.74345616309545992,2.4584258438530879,0.0,1.0
0.7237469775017269,2.456258240809631,0.0,1.0
0.70390428770325997,2.4544683141348376,0.0,1.0
0.68392081621520706,2.4530741320669449,0.0,1.0
0.6637892855527312,2.4520937628441875,0.0,1.0
0.6435024182309812,2.4515452747047988,0.0,1.0
0.62305293676511653,2.4514467358870178,0.0,1.0
0.60243356367029222,2.4518162146290754,0.0,1.0
0.58163702146166063,2.4526717791692088,0.0,1.0
0.58163702146166063,2.4526717791692096,0.0,1.0
0.56054603388919855,2.4539411565544782,0.0,1.0
0.53906239673212575,2.4555350093847199,0.0,1.0
0.51720744054947065,2.4574458092273348,0.0,1.0
0.49500249590026257,2.4596660276497282,0.0,1.0
0.47246889334352549,2.4621881362192983,0.0,1.0
0.44962796343829137,2.4650046065034497,0.0,1.0
0.42650103674358419,2.468107910069584,0.0,1.0
0.40310944381843328,2.4714905184851039,0.0,1.0
0.37947451522186348,2.4751449033174087,0.0,1.0
0.3556175815129059,2.4790635361339035,0.0,1.0
0.33155997325058806,2.4832388885019876,0.0,1.0
0.3073230209939366,2.4876634319890663,0.0,1.0
0.28292805530197818,2.4923296381625377,0.0,1.0
0.25839640673374031,2.4972299785898082,0.0,1.0
0.23374940584825321,2.502356924838276,0.0,1.0
0.20900838320454085,2.5077029484753455,0.0,1.0
0.18419466936163342,2.5132605210684176,0.0,1.0
0.15932959487855758,2.519022114184895,0.0,1.0
0.13443449031434085,2.5249801993921794,0.0,1.0
0.10953068622801077,2.5311272482576719,0.0,1.0
0.084639513178594861,2.5374557323487767,0.0,1.0
0.059782301725121556,2.5439581232328941,0.0,1.0
0.034980382426617496,2.5506268924774274,0.0,1.0
0.0102550858421111,2.5574545116497767,0.0,1.0
-0.014372257469372762,2.5644334523173455,0.0,1.0
-0.038880316948804783,2.5715561860475358,0.0,1.0
-0.063247762037154764,2.57881518440775,0.0,1.0
-0.087453262175396063,2.5862029189653875,0.0,1.0
-0.1114754868045047,2.5937118612878542,0.0,1.0
-0.1352931053654487,2.6013344829425495,0.0,1.0
-0.15888478729920497,2.609063255496876,0.0,1.0
-0.18222920204674153,2.6168906505182363,0.0,1.0
-0.20530501904903264,2.6248091395740314,0.0,1.0
-0.22809090774705254,2.6328111942316639,0.0,1.0
-0.25056553758177103,2.6408892860585365,0.0,1.0
-0.27270757799416145,2.6490358866220509,0.0,1.0
-0.2944956984251963,2.657243467489609,0.0,1.0
-0.31590856831584713,2.6655045002286117,0.0,1.0
-0.33692485710708731,2.6738114564064626,0.0,1.0
-0.3575232342398893,2.6821568075905633,0.0,1.0
-0.37768236915522824,2.6905330253483157,0.0,1.0
-0.39738093129406948,2.6989325812471208,0.0,1.0
-0.41659759009739261,2.707347946854382,0.0,1.0
-0.43531101500616565,2.715771593737502,0.0,1.0
-0.45349987546136106,2.7241959934638809,0.0,1.0
-0.47114284090395486,2.7326136176009221,0.0,1.0
-0.48821858077491598,2.7410169377160267,0.0,1.0
-0.50470576451521687,2.7493984253765973,0.0,1.0
-0.52058306156583356,2.7577505521500356,0.0,1.0
-0.52058306156583445,2.7577505521500347,0.0,1.0
-0.53593462307335837,2.7661164810499024,0.0,1.0
-0.55086484330314978,2.7745453978358405,0.0,1.0
-0.56538275637432545,2.7830388081943678,0.0,1.0
-0.57949739640600395,2.7915982178120036,0.0,1.0
-0.59321779751730119,2.8002251323752683,0.0,1.0
-0.60655299382733574,2.8089210575706804,0.0,1.0
-0.61951201945522438,2.8176874990847605,0.0,1.0
-0.63210390852008658,2.8265259626040278,0.0,1.0
-0.64433769514103734,2.8354379538150027,0.0,1.0
-0.65622241343719701,2.8444249784042022,0.0,1.0
-0.6677670975276806,2.8534885420581491,0.0,1.0
-0.67898078153160757,2.862630150463362,0.0,1.0
-0.68987249956809471,2.8718513093063596,0.0,1.0
-0.70045128575625881,2.8811535242736612,0.0,1.0
-0.71072617421522022,2.8905383010517882,0.0,1.0
-0.72070619906409217,2.9000071453272591,0.0,1.0
-0.730400394421995,2.9095615627865934,0.0,1.0
-0.73981779440804729,2.9192030591163105,0.0,1.0
-0.74896743314136316,2.9289331400029317,0.0,1.0
-0.75785834474106295,2.9387533111329738,0.0,1.0
-0.76649956332626434,2.9486650781929589,0.0,1.0
-0.77490012301608324,2.9586699468694047,0.0,1.0
-0.78306905792963732,2.9687694228488315,0.0,1.0
-0.79101540218604605,2.9789650118177606,0.0,1.0
-0.79874818990442442,2.9892582194627089,0.0,1.0
-0.80627645520389279,2.9996505514701965,0.0,1.0
-0.8136092322035644,3.0101435135267458,0.0,1.0
-0.82075555502256226,3.0207386113188726,0.0,1.0
-0.82772445778000048,3.0314373505330963,0.0,1.0
-0.83452497459499853,3.0422412368559408,0.0,1.0
-0.84116613958667141,3.0531517759739231,0.0,1.0
-0.8476569868741386,3.0641704735735633,0.0,1.0
-0.85400655057651687,3.0752988353413784,0.0,1.0
-0.86022386481292479,3.0865383669638931,0.0,1.0
-0.86631796370247827,3.0978905741276215,0.0,1.0
-0.87229788136429676,3.1093569625190867,0.0,1.0
-0.87817265191749705,3.1209390378248081,0.0,1.0
-0.88395130948119593,3.1326383057313025,0.0,1.0
-0.88964288817451198,3.1444562719250939,0.0,1.0
-0.89525642211656287,3.156394442092699,0.0,1.0
-0.90080094542646538,3.1684543219206383,0.0,1.0
-0.90628549222333632,3.1806374170954292,0.0,1.0
-0.91171909662629602,3.1929452333035959,0.0,1.0
-0.9171107927544595,3.2053792762316524,0.0,1.0
-0.92246961472694622,3.2179410515661218,0.0,1.0
-0.92780459666287118,3.2306320649935252,0.0,1.0
-0.93312477268135474,3.2434538222003768,0.0,1.0
-0.93843917690151102,3.2564078288732006,0.0,1.0
-0.94375684344246213,3.2694955906985159,0.0,1.0
-0.94375684344246125,3.269495590698515,0.0,1.0
-0.94895330221858476,3.282784361674195,0.0,1.0
-0.95390291205474487,3.2963338673655187,0.0,1.0
-0.95861295043578743,3.3101343208101071,0.0,1.0
-0.9630906948465574,3.3241759350455853,0.0,1.0
-0.96734342277190066,3.3384489231095733,0.0,1.0
-0.97137841169665862,3.3529434980396964,0.0,1.0
-0.9752029391056789,3.3676498728735744,0.0,1.0
-0.97882428248380382,3.38255826064883,0.0,1.0
-0.98224971931588012,3.3976588744030893,0.0,1.0
-0.98548652708675188,3.4129419271739723,0.0,1.0
-0.98854198328126319,3.4283976319991014,0.0,1.0
-0.99142336538425901,3.4440162019160994,0.0,1.0
-0.99413795088058432,3.4597878499625896,0.0,1.0
-0.99669301725508586,3.4757027891761965,0.0,1.0
-0.99909584199260326,3.4917512325945381,0.0,1.0
-1.0013537025779859,3.5079233932552416,0.0,1.0
-1.0034738764960762,3.5242094841959277,0.0,1.0
-1.0054636412317191,3.5405997184542173,0.0,1.0
-1.0073302742697603,3.5570843090677364,0.0,1.0
-1.009081053095044,3.573653469074106,0.0,1.0
-1.0107232551924135,3.5902974115109458,0.0,1.0
-1.0122641580467153,3.6070063494158866,0.0,1.0
-1.0137110391427955,3.6237704958265429,0.0,1.0
-1.0150711759654953,3.640580063780539,0.0,1.0
-1.0163518459996608,3.6574252663154994,0.0,1.0
-1.0175603267301376,3.6742963164690483,0.0,1.0
-1.0187038956417682,3.6911834272788049,0.0,1.0
-1.0197898302193993,3.7080768117823926,0.0,1.0
-1.0208254079478767,3.7249666830174366,0.0,1.0
-1.0218179063120409,3.7418432540215552,0.0,1.0
-1.0227746027967406,3.7586967378323752,0.0,1.0
-1.0237027748868206,3.775517347487515,0.0,1.0
-1.0246097000671224,3.7922952960246015,0.0,1.0
-1.0255026558224927,3.8090207964812555,0.0,1.0
-1.0263889196377756,3.8256840618950978,0.0,1.0
-1.0272757689978169,3.8422753053037555,0.0,1.0
-1.0281704813874599,3.8587847397448458,0.0,1.0
-1.0290803342915495,3.8752025782559976,0.0,1.0
-1.0300126051949317,3.8915190338748262,0.0,1.0
-1.0309745715824494,3.9077243196389624,0.0,1.0
-1.0319735109389505,3.9238086485860215,0.0,1.0
-1.0330167007492754,3.9397622337536298,0.0,1.0
-1.0341114184982709,3.9555752881794097,0.0,1.0
-1.035264941670782,3.9712380249009813,0.0,1.0
-1.0364845477516536,3.9867406569559725,0.0,1.0
-1.0377775142257288,4.0020733973820004,0.0,1.0
-1.0391511185778537,4.0172264592166931,0.0,1.0
-1.0406126382928731,4.0321900554976686,0.0,1.0
-1.0421693508556302,4.0469543992625505,0.0,1.0
-1.0421693508556311,4.0469543992625505,0.0,1.0
-1.0437176984932801,4.061523003779886,0.0,1.0
-1.0451534542389638,4.0759115951088773,0.0,1.0
-1.0464828917865141,4.0901287054731403,0.0,1.0
-1.047712284829764,4.1041828670962808,0.0,1.0
-1.0488479070625409,4.1180826122019116,0.0,1.0
-1.0498960321786797,4.1318364730136441,0.0,1.0
-1.0508629338720139,4.1454529817550911,0.0,1.0
-1.0517548858363703,4.1589406706498595,0.0,1.0
-1.0525781617655836,4.1723080719215631,0.0,1.0
-1.0533390353534857,4.1855637177938121,0.0,1.0
-1.054043780293906,4.1987161404902187,0.0,1.0
-1.0546986702806791,4.2117738722343923,0.0,1.0
-1.0553099790076343,4.2247454452499458,0.0,1.0
-1.0558839801686029,4.2376393917604878,0.0,1.0
-1.0564269474574193,4.2504642439896321,0.0,1.0
-1.0569451545679129,4.2632285341609846,0.0,1.0
-1.0574448751939158,4.2759407944981636,0.0,1.0
-1.05793238302926,4.2886095572247775,0.0,1.0
-1.0584139517677764,4.3012433545644342,0.0,1.0
-1.0588958551032981,4.3138507187407473,0.0,1.0
-1.0593843667296552,4.3264401819773273,0.0,1.0
-1.0598857603406806,4.3390202764977843,0.0,1.0
-1.0604063096302037,4.3515995345257323,0.0,1.0
-1.0609522882920581,4.3641864882847798,0.0,1.0
-1.061529970020076,4.3767896699985389,0.0,1.0
-1.0621456285080875,4.389417611890619,0.0,1.0
-1.0628055374499255,4.4020788461846339,0.0,1.0
-1.063515970539421,4.4147819051041921,0.0,1.0
-1.0642832014704044,4.4275353208729058,0.0,1.0
-1.0651135039367103,4.440347625714387,0.0,1.0
-1.0660131516321671,4.4532273518522434,0.0,1.0
-1.0669884182506086,4.4661830315100906,0.0,1.0
-1.0680455774858659,4.4792231969115335,0.0,1.0
-1.0691909030317701,4.4923563802801914,0.0,1.0
-1.0704306685821541,4.5055911138396683,0.0,1.0
-1.071771147830848,4.5189359298135772,0.0,1.0
-1.073218614471684,4.5323993604255293,0.0,1.0
-1.0747793421984939,4.5459899378991384,0.0,1.0
-1.0764596047051107,4.5597161944580122,0.0,1.0
-1.0782656756853619,4.5735866623257611,0.0,1.0
-1.0802038288330849,4.5876098737260005,0.0,1.0
-1.0822803378421071,4.6017943608823373,0.0,1.0
-1.0845014764062615,4.6161486560183835,0.0,1.0
-1.0868735182193792,4.6306812913577513,0.0,1.0
-1.0894027369752921,4.6454007991240491,0.0,1.0
-1.0920954063678332,4.6603157115408926,0.0,1.0
-1.0949578000908318,4.6754345608318868,0.0,1.0
-1.0979961918381225,4.6907658792206472,0.0,1.0
-1.1012168553035337,4.7063181989307861,0.0,1.0
-1.101216855303532,4.7063181989307861,0.0,1.0
-1.1045115483561574,4.7222357312711747,0.0,1.0
-1.1077730326560991,4.7386397676558953,0.0,1.0
-1.1110090875837111,4.7555044604663603,0.0,1.0
-1.1142274925193432,4.7728039620839819,0.0,1.0
-1.1174360268433468,4.7905124248901796,0.0,1.0
-1.1206424699360724,4.8086040012663585,0.0,1.0
-1.1238546011778734,4.8270528435939379,0.0,1.0
-1.1270801999490985,4.8458331042543303,0.0,1.0
-1.1303270456301,4.8649189356289497,0.0,1.0
-1.1336029176012303,4.8842844900992102,0.0,1.0
-1.13691559524284,4.9039039200465222,0.0,1.0
-1.1402728579352788,4.9237513778523034,0.0,1.0
-1.1436824850588989,4.9438010158979662,0.0,1.0
-1.1471522559940519,4.9640269865649209,0.0,1.0
-1.1506899501210883,4.9844034422345853,0.0,1.0
-1.1543033468203614,5.0049045352883734,0.0,1.0
-1.158000225472219,5.025504418107694,0.0,1.0
-1.1617883654570162,5.0461772430739646,0.0,1.0
-1.1656755461551009,5.0668971625685995,0.0,1.0
-1.1696695469468255,5.0876383289730107,0.0,1.0
-1.173778147212543,5.1083748946686107,0.0,1.0
-1.1780091263326016,5.1290810120368153,0.0,1.0
-1.1823702636873534,5.1497308334590368,0.0,1.0
-1.1868693386571518,5.1702985113166893,0.0,1.0
-1.1915141306223456,5.1907581979911868,0.0,1.0
-1.1963124189632879,5.2110840458639416,0.0,1.0
-1.2012719830603267,5.2312502073163696,0.0,1.0
-1.2064006022938178,5.2512308347298848,0.0,1.0
-1.2117060560441084,5.2710000804858961,0.0,1.0
-1.2171961236915525,5.2905320969658227,0.0,1.0
-1.2228785846164989,5.3098010365510735,0.0,1.0
-1.2287612181993026,5.328781051623066,0.0,1.0
-1.2348518038203107,5.3474462945632126,0.0,1.0
-1.2411581208598763,5.3657709177529256,0.0,1.0
-1.247687948698351,5.3837290735736207,0.0,1.0
-1.2544490667160852,5.4012949144067104,0.0,1.0
-1.2614492542934315,5.4184425926336086,0.0,1.0
-1.2686962908107384,5.4351462606357259,0.0,1.0
-1.2761979556483594,5.4513800707944817,0.0,1.0
-1.2839620281866466,5.4671181754912848,0.0,1.0
-1.2919962878059481,5.4823347271075544,0.0,1.0
-1.3003085138866162,5.4970038780246977,0.0,1.0
-1.3089064858090049,5.5110997806241304,0.0,1.0
-1.3177979829534623,5.5245965872872684,0.0,1.0
-1.3269907847003415,5.5374684503955223,0.0,1.0
-1.3364926704299913,5.5496895223303095,0.0,1.0
-1.3463114195227659,5.5612339554730408,0.0,1.0
-1.3564548113590149,5.57207590220513,0.0,1.0
-1.3669306253190898,5.5821895149079914,0.0,1.0
-1.3669306253190889,5.5821895149079914,0.0,1.0
-1.3777862068791062,5.591746274546356,0.0,1.0
-1.3890550157395003,5.6009363995172006,0.0,1.0
-1.4007240026171024,5.6097621483503008,0.0,1.0
-1.4127801182287412,5.6182257795754413,0.0,1.0
-1.4252103132912488,5.6263295517223977,0.0,1.0
-1.4380015385214548,5.6340757233209509,0.0,1.0
-1.4511407446361888,5.6414665529008783,0.0,1.0
-1.464614882352282,5.6485042989919645,0.0,1.0
-1.478410902386563,5.6551912201239816,0.0,1.0
-1.4925157554558632,5.6615295748267158,0.0,1.0
-1.506916392277013,5.6675216216299429,0.0,1.0
-1.5215997635668419,5.6731696190634402,0.0,1.0
-1.5365528200421803,5.6784758256569923,0.0,1.0
-1.5517625124198586,5.6834424999403748,0.0,1.0
-1.5672157914167064,5.6880719004433669,0.0,1.0
-1.5828996077495541,5.6923662856957531,0.0,1.0
-1.598800912135232,5.6963279142273056,0.0,1.0
-1.6149066552905698,5.6999590445678088,0.0,1.0
-1.6312037879323995,5.7032619352470402,0.0,1.0
-1.6476792607775499,5.7062388447947807,0.0,1.0
-1.6643200245428504,5.7088920317408061,0.0,1.0
-1.6811130299451316,5.711223754614899,0.0,1.0
-1.6980452277012263,5.7132362719468386,0.0,1.0
-1.7151035685279616,5.7149318422664042,0.0,1.0
-1.7322750031421679,5.7163127241033731,0.0,1.0
-1.7495464822606763,5.7173811759875282,0.0,1.0
-1.7669049566003174,5.718139456448645,0.0,1.0
-1.7843373768779198,5.7185898240165045,0.0,1.0
-1.8018306938103148,5.7187345372208878,0.0,1.0
-1.8193718581143337,5.7185758545915757,0.0,1.0
-1.8369478205068042,5.7181160346583404,0.0,1.0
-1.8545455317045585,5.7173573359509682,0.0,1.0
-1.8721519424244253,5.7163020169992347,0.0,1.0
-1.8897540033832358,5.7149523363329191,0.0,1.0
-1.9073386652978206,5.713310552481806,0.0,1.0
-1.9248928788850082,5.7113789239756692,0.0,1.0
-1.9424035948616298,5.7091597093442896,0.0,1.0
-1.9598577639445161,5.7066551671174466,0.0,1.0
-1.9772423368504954,5.7038675558249192,0.0,1.0
-1.9945442642964011,5.7007991339964903,0.0,1.0
-2.0117504969990598,5.6974521601619355,0.0,1.0
-2.0288479856753048,5.6938288928510357,0.0,1.0
-2.0458236810419645,5.6899315905935683,0.0,1.0
-2.0626645338158696,5.6857625119193145,0.0,1.0
-2.0793574947138493,5.681323915358055,0.0,1.0
-2.0958895144527352,5.6766180594395657,0.0,1.0
-2.1122475437493566,5.6716472026936291,0.0,1.0
-2.128418533320545,5.6664136036500228,0.0,1.0
-2.1443894338831271,5.6609195208385259,0.0,1.0
-2.1443894338831271,5.6609195208385259,0.0,1.0
-2.1602579477623784,5.6550941869927183,0.0,1.0
-2.1761303095071796,5.6488698462192204,0.0,1.0
-2.1920062681697781,5.6422532741073663,0.0,1.0
-2.2078855728024198,5.6352512462464972,0.0,1.0
-2.2237679724573525,5.6278705382259506,0.0,1.0
-2.239653216186821,5.6201179256350624,0.0,1.0
-2.255541053043074,5.6120001840631755,0.0,1.0
-2.2714312320783572,5.6035240890996239,0.0,1.0
-2.2873235023449174,5.5946964163337469,0.0,1.0
-2.3032176128950024,5.5855239413548823,0.0,1.0
-2.319113312780857,5.5760134397523711,0.0,1.0
-2.3350103510547289,5.5661716871155473,0.0,1.0
-2.3509084767688657,5.5560054590337504,0.0,1.0
-2.3668074389755143,5.5455215310963197,0.0,1.0
-2.3827069867269195,5.5347266788925946,0.0,1.0
-2.3986068690753282,5.5236276780119091,0.0,1.0
-2.4145068350729897,5.5122313040436062,0.0,1.0
-2.4304066337721482,5.5005443325770198,0.0,1.0
-2.4463060142250503,5.4885735392014912,0.0,1.0
-2.4622047254839448,5.4763256995063561,0.0,1.0
-2.4781025166010773,5.4638075890809539,0.0,1.0
-2.4939991366286947,5.451025983514624,0.0,1.0
-2.5098943346190419,5.4379876583967022,0.0,1.0
-2.5257878596243701,5.4246993893165278,0.0,1.0
-2.5416794606969217,5.4111679518634386,0.0,1.0
-2.5575688868889452,5.3974001216267755,0.0,1.0
-2.5734558872526865,5.3834026741958727,0.0,1.0
-2.5893402108403949,5.3691823851600713,0.0,1.0
-2.6052216067043128,5.3547460301087053,0.0,1.0
-2.6210998238966905,5.3401003846311177,0.0,1.0
-2.6369746114697739,5.325252224316646,0.0,1.0
-2.6528457184758087,5.3102083247546243,0.0,1.0
-2.6687128939670428,5.2949754615343956,0.0,1.0
-2.6845758869957219,5.2795604102452938,0.0,1.0
-2.7004344466140937,5.2639699464766618,0.0,1.0
-2.7162883218744041,5.2482108458178356,0.0,1.0
-2.7321372618289015,5.2322898838581491,0.0,1.0
-2.747981015529831,5.2162138361869488,0.0,1.0
-2.7638193320294384,5.199989478393567,0.0,1.0
-2.7796519603799732,5.1836235860673412,0.0,1.0
-2.7954786496336803,5.1671229347976162,0.0,1.0
-2.8112991488428065,5.1504943001737225,0.0,1.0
-2.8271132070595995,5.1337444577850011,0.0,1.0
-2.842920573336305,5.1168801832207915,0.0,1.0
-2.8587209967251699,5.0999082520704331,0.0,1.0
-2.8745142262784418,5.082835439923258,0.0,1.0
-2.8903000110483656,5.0656685223686111,0.0,1.0
-2.9060781000871909,5.0484142749958263,0.0,1.0
-2.9218482424471626,5.031079473394243,0.0,1.0
-2.9218482424471626,5.031079473394243,0.0,1.0
-2.937680536200693,5.0134979901511993,0.0,1.0
-2.9536395585696225,4.9955088841076041,0.0,1.0
-2.9697167773303388,4.9771267102331418,0.0,1.0
-2.9859036602592339,4.9583660234975024,0.0,1.0
-3.0021916751326945,4.9392413788703777,0.0,1.0
-3.0185722897271097,4.9197673313214576,0.0,1.0
-3.0350369718188688,4.8999584358204284,0.0,1.0
-3.051577189184361,4.8798292473369838,0.0,1.0
-3.0681844095999757,4.8593943208408064,0.0,1.0
-3.0848501008421017,4.8386682113015933,0.0,1.0
-3.1015657306871267,4.8176654736890274,0.0,1.0
-3.1183227669114402,4.796400662972804,0.0,1.0
-3.1351126772914317,4.7748883341226076,0.0,1.0
-3.1519269296034906,4.75314304210813,0.0,1.0
-3.1687569916240044,4.7311793418990593,0.0,1.0
-3.185594331129364,4.7090117884650873,0.0,1.0
-3.2024304158959565,4.6866549367759003,0.0,1.0
-3.2192567137001724,4.6641233418011918,0.0,1.0
-3.2360646923183984,4.6414315585106465,0.0,1.0
-3.252845819527026,4.6185941418739578,0.0,1.0
-3.269591563102443,4.5956256468608103,0.0,1.0
-3.2862933908210379,4.5725406284408994,0.0,1.0
-3.3029427704592016,4.5493536415839122,0.0,1.0
-3.3195311697933212,4.5260792412595352,0.0,1.0
-3.3360500565997859,4.5027319824374601,0.0,1.0
-3.3524908986549846,4.4793264200873786,0.0,1.0
-3.3688451637353074,4.4558771091789753,0.0,1.0
-3.3851043196171431,4.4323986046819428,0.0,1.0
-3.4012598340768787,4.4089054615659711,0.0,1.0
-3.4173031748909053,4.3854122348007465,0.0,1.0
-3.4332258098356112,4.3619334793559608,0.0,1.0
-3.4490192066873853,4.3384837502013029,0.0,1.0
-3.4646748332226158,4.315077602306463,0.0,1.0
-3.4801841572176926,4.291729590641129,0.0,1.0
-3.4955386464490052,4.2684542701749892,0.0,1.0
-3.5107297686929417,4.2452661958777371,0.0,1.0
-3.5257489917258913,4.2221799227190591,0.0,1.0
-3.5405877833242418,4.1992100056686441,0.0,1.0
-3.555237611264384,4.1763709996961857,0.0,1.0
-3.5696899433227065,4.1536774597713677,0.0,1.0
-3.5839362472755987,4.1311439408638826,0.0,1.0
-3.5979679908994466,4.1087849979434203,0.0,1.0
-3.6117766419706427,4.0866151859796673,0.0,1.0
-3.625353668265574,4.0646490599423153,0.0,1.0
-3.6386905375606302,4.0429011748010542,0.0,1.0
-3.6517787176322001,4.0213860855255739,0.0,1.0
-3.6646096762566742,4.0001183470855599,0.0,1.0
-3.6771748812104383,3.9791125144507049,0.0,1.0
-3.689465800269883,3.9583831425906979,0.0,1.0
-3.689465800269883,3.9583831425906979,0.0,1.0
-3.7015510258209012,3.9378977755961166,0.0,1.0
-3.713504336502953,3.9176080641998317,0.0,1.0
-3.7253249794727785,3.8975047233349702,0.0,1.0
-3.7370122018871177,3.877578467934665,0.0,1.0
-3.7485652509027112,3.8578200129320415,0.0,1.0
-3.759983373676298,3.8382200732602332,0.0,1.0
-3.7712658173646187,3.8187693638523657,0.0,1.0
-3.782411829124416,3.799458599641568,0.0,1.0
-3.7934206561124264,3.7802784955609727,0.0,1.0
-3.8042915454853925,3.7612197665437073,0.0,1.0
-3.8150237444000537,3.7422731275228989,0.0,1.0
-3.8256165000131501,3.7234292934316784,0.0,1.0
-3.8360690594814222,3.7046789792031767,0.0,1.0
-3.8463806699616097,3.6860128997705193,0.0,1.0
-3.8565505786104537,3.6674217700668379,0.0,1.0
-3.8665780325846932,3.6488963050252607,0.0,1.0
-3.8764622790410703,3.6304272195789169,0.0,1.0
-3.886202565136323,3.6120052286609372,0.0,1.0
-3.8957981380271933,3.5936210472044481,0.0,1.0
-3.9052482448704198,3.5752653901425822,0.0,1.0
-3.9145521328227439,3.5569289724084641,0.0,1.0
-3.9237090490409052,3.5386025089352273,0.0,1.0
-3.9327182406816448,3.5202767146559983,0.0,1.0
-3.941578954901702,3.501942304503908,0.0,1.0
-3.9502904388578166,3.4835899934120853,0.0,1.0
-3.9588519397067294,3.4652104963136567,0.0,1.0
-3.9672627046051812,3.4467945281417549,0.0,1.0
-3.9755219807099116,3.4283328038295071,0.0,1.0
-3.9836290151776605,3.4098160383100442,0.0,1.0
-3.9915830551651688,3.3912349465164926,0.0,1.0
-3.999383347829176,3.372580243381984,0.0,1.0
-4.0070291403264227,3.3538426438396458,0.0,1.0
-4.0145196798136498,3.3350128628226088,0.0,1.0
-4.0218542134475959,3.3160816152640011,0.0,1.0
-4.0290319883850021,3.2970396160969528,0.0,1.0
-4.0360522517826087,3.2778775802545912,0.0,1.0
-4.0429142507971552,3.2585862226700471,0.0,1.0
-4.0496172325853834,3.2391562582764513,0.0,1.0
-4.056160444304032,3.2195784020069285,0.0,1.0
-4.0625431331098421,3.1998433687946104,0.0,1.0
-4.068764546159553,3.1799418735726279,0.0,1.0
-4.0748239306099059,3.1598646312741074,0.0,1.0
-4.0807205336176402,3.139602356832178,0.0,1.0
-4.0864536023394962,3.1191457651799714,0.0,1.0
-4.0920223839322141,3.098485571250615,0.0,1.0
-4.0974261255525342,3.0776124899772359,0.0,1.0
-4.1026640743571967,3.0565172362929705,0.0,1.0
-4.107735477502942,3.0351905251309379,0.0,1.0
-4.1126395821465112,3.0136230714242744,0.0,1.0
-4.1126395821465103,3.0136230714242744,0.0,1.0
-4.1175324777904336,2.9917946320542148,0.0,1.0
-4.1225582084450849,2.9696985150806725,0.0,1.0
-4.127697953028969,2.9473457622047903,0.0,1.0
-4.1329328904605926,2.9247474151277117,0.0,1.0
-4.1382441996584607,2.9019145155505806,0.0,1.0
-4.1436130595410772,2.8788581051745403,0.0,1.0
-4.1490206490269479,2.8555892257007365,0.0,1.0
-4.1544481470345769,2.8321189188303109,0.0,1.0
-4.1598767324824717,2.8084582262644071,0.0,1.0
-4.1652875842891337,2.7846181897041715,0.0,1.0
-4.1706618813730714,2.7606098508507433,0.0,1.0
-4.1759808026527878,2.7364442514052705,0.0,1.0
-4.1812255270467888,2.7121324330688941,0.0,1.0
-4.1863772334735794,2.6876854375427577,0.0,1.0
-4.1914171008516643,2.6631143065280076,0.0,1.0
-4.1963263080995494,2.638430081725784,0.0,1.0
-4.2010860341357397,2.613643804837233,0.0,1.0
-4.205677457878739,2.5887665175634993,0.0,1.0
-4.2100817582470533,2.5638092616057229,0.0,1.0
-4.2142801141591875,2.53878307866505,0.0,1.0
-4.2182537045336463,2.5136990104426244,0.0,1.0
-4.2219837082889367,2.4885680986395897,0.0,1.0
-4.2254513043435615,2.4634013849570877,0.0,1.0
-4.2286376716160259,2.4382099110962638,0.0,1.0
-4.2315239890248364,2.4130047187582617,0.0,1.0
-4.234091435488498,2.387796849644225,0.0,1.0
-4.2363211899255138,2.3625973454552973,0.0,1.0
-4.2381944312543913,2.3374172478926214,0.0,1.0
-4.2396923383936338,2.3122675986573418,0.0,1.0
-4.2407960902617479,2.2871594394506021,0.0,1.0
-4.2414868657772367,2.2621038119735468,0.0,1.0
-4.2417458438586069,2.2371117579273179,0.0,1.0
-4.2415542034243625,2.2121943190130606,0.0,1.0
-4.2408931233930103,2.1873625369319178,0.0,1.0
-4.2397437826830533,2.1626274533850331,0.0,1.0
-4.2380873602129974,2.138000110073552,0.0,1.0
-4.2359050349013492,2.1134915486986143,0.0,1.0
-4.233177985666611,2.0891128109613666,0.0,1.0
-4.2298873914272903,2.0648749385629515,0.0,1.0
-4.2260144311018903,2.0407889732045144,0.0,1.0
-4.2215402836089169,2.016865956587198,0.0,1.0
-4.2164461278668757,1.9931169304121461,0.0,1.0
-4.2107131427942708,1.9695529363805004,0.0,1.0
-4.2043225073096071,1.9461850161934073,0.0,1.0
-4.1972554003313913,1.9230242115520095,0.0,1.0
-4.1894930007781266,1.9000815641574507,0.0,1.0
-4.1810164875683196,1.8773681157108744,0.0,1.0
-4.1718070396204752,1.8548949079134243,0.0,1.0
-4.1618458358530965,1.832672982466244,0.0,1.0
